{"data": [{"EM": 0.14977973568281938, "f1": 0.3700728950115897, "top_n_accuracy": 0.8281938325991189, "model_name": "deepset/roberta-base-squad2", "seconds_to_compute": 18.09691858291626, "total_score": 0.0744903866985456}, {"EM": 0.07488986784140969, "f1": 0.3069740327195488, "top_n_accuracy": 0.6960352422907489, "model_name": "twmkn9/albert-base-v2-squad2", "seconds_to_compute": 20.09769296646118, "total_score": 0.05363297890213041}, {"EM": 0.07048458149779736, "f1": 0.24408657139615525, "top_n_accuracy": 0.6519823788546255, "model_name": "mvonwyl/distilbert-base-uncased-finetuned-squad2", "seconds_to_compute": 8.904293298721313, "total_score": 0.10854915705521273}, {"EM": 0.12334801762114538, "f1": 0.2997269486824004, "top_n_accuracy": 0.6696035242290749, "model_name": "deepset/bert-base-cased-squad2", "seconds_to_compute": 16.698413133621216, "total_score": 0.06543606759450575}]}